[
  {
    "model": "tasks.board",
    "pk": 1,
    "fields": {
      "created_at": "2023-10-26T15:34:59.334Z",
      "updated_at": "2023-10-26T15:58:40.871Z",
      "owner_id": 1,
      "title": "board1"
    }
  },
  {
    "model": "tasks.board",
    "pk": 2,
    "fields": {
      "created_at": "2023-10-26T15:58:19.686Z",
      "updated_at": "2023-10-26T15:58:19.686Z",
      "owner_id": 2,
      "title": "board2"
    }
  },
  {
    "model": "tasks.board",
    "pk": 3,
    "fields": {
      "created_at": "2023-10-26T15:58:24.632Z",
      "updated_at": "2023-10-26T15:58:24.632Z",
      "owner_id": 3,
      "title": "board3"
    }
  },
  {
    "model": "tasks.board",
    "pk": 4,
    "fields": {
      "created_at": "2023-10-26T15:58:28.813Z",
      "updated_at": "2023-10-26T15:58:28.813Z",
      "owner_id": 4,
      "title": "board4"
    }
  },
  {
    "model": "tasks.board",
    "pk": 5,
    "fields": {
      "created_at": "2023-10-26T15:58:33.211Z",
      "updated_at": "2023-10-26T15:58:33.211Z",
      "owner_id": 5,
      "title": "board5"
    }
  },
  {
    "model": "tasks.board",
    "pk": 6,
    "fields": {
      "created_at": "2023-10-27T06:08:44.172Z",
      "updated_at": "2023-10-27T06:08:44.172Z",
      "owner_id": 1,
      "title": "board6-1"
    }
  },
  {
    "model": "tasks.board",
    "pk": 7,
    "fields": {
      "created_at": "2023-10-27T06:08:52.142Z",
      "updated_at": "2023-10-27T06:08:52.142Z",
      "owner_id": 1,
      "title": "board7-1"
    }
  },
  {
    "model": "tasks.board",
    "pk": 8,
    "fields": {
      "created_at": "2023-10-27T06:09:00.439Z",
      "updated_at": "2023-10-27T06:09:00.439Z",
      "owner_id": 1,
      "title": "board8-1"
    }
  },
  {
    "model": "tasks.board",
    "pk": 9,
    "fields": {
      "created_at": "2023-10-27T06:09:10.350Z",
      "updated_at": "2023-10-27T06:09:10.350Z",
      "owner_id": 4,
      "title": "board9-4"
    }
  },
  {
    "model": "tasks.board",
    "pk": 10,
    "fields": {
      "created_at": "2023-10-27T06:09:17.225Z",
      "updated_at": "2023-10-27T06:09:17.225Z",
      "owner_id": 4,
      "title": "board10-4"
    }
  },
  {
    "model": "tasks.board",
    "pk": 11,
    "fields": {
      "created_at": "2023-10-27T06:09:25.257Z",
      "updated_at": "2023-10-27T06:09:25.257Z",
      "owner_id": 4,
      "title": "board11-4"
    }
  },
  {
    "model": "tasks.board",
    "pk": 12,
    "fields": {
      "created_at": "2023-10-27T06:09:36.595Z",
      "updated_at": "2023-10-27T06:09:36.595Z",
      "owner_id": 3,
      "title": "board12-3"
    }
  },
  {
    "model": "tasks.board",
    "pk": 13,
    "fields": {
      "created_at": "2023-10-27T06:09:44.147Z",
      "updated_at": "2023-10-27T06:09:44.147Z",
      "owner_id": 3,
      "title": "board13-3"
    }
  },
  {
    "model": "tasks.board",
    "pk": 14,
    "fields": {
      "created_at": "2023-10-27T06:09:53.413Z",
      "updated_at": "2023-10-27T06:09:53.413Z",
      "owner_id": 3,
      "title": "board14-3"
    }
  },
  {
    "model": "tasks.board",
    "pk": 15,
    "fields": {
      "created_at": "2023-10-27T06:09:59.428Z",
      "updated_at": "2023-10-27T06:09:59.428Z",
      "owner_id": 3,
      "title": "board15-3"
    }
  },
  {
    "model": "tasks.column",
    "pk": 1,
    "fields": {
      "created_at": "2023-10-26T15:35:00.080Z",
      "updated_at": "2023-10-27T06:15:37.685Z",
      "owner_id": 1,
      "title": "column1-board1",
      "board": 1
    }
  },
  {
    "model": "tasks.column",
    "pk": 2,
    "fields": {
      "created_at": "2023-10-26T15:58:53.222Z",
      "updated_at": "2023-10-27T06:15:44.038Z",
      "owner_id": 2,
      "title": "column2-board2",
      "board": 2
    }
  },
  {
    "model": "tasks.column",
    "pk": 3,
    "fields": {
      "created_at": "2023-10-26T15:59:00.744Z",
      "updated_at": "2023-10-27T06:15:31.150Z",
      "owner_id": 3,
      "title": "column3-board3",
      "board": 3
    }
  },
  {
    "model": "tasks.column",
    "pk": 4,
    "fields": {
      "created_at": "2023-10-26T15:59:07.638Z",
      "updated_at": "2023-10-27T06:15:50.979Z",
      "owner_id": 4,
      "title": "column4-board4",
      "board": 4
    }
  },
  {
    "model": "tasks.column",
    "pk": 5,
    "fields": {
      "created_at": "2023-10-26T15:59:18.638Z",
      "updated_at": "2023-10-27T06:15:58.338Z",
      "owner_id": 5,
      "title": "column5-board5",
      "board": 5
    }
  },
  {
    "model": "tasks.column",
    "pk": 6,
    "fields": {
      "created_at": "2023-10-27T06:10:56.266Z",
      "updated_at": "2023-10-27T06:16:06.814Z",
      "owner_id": 1,
      "title": "column6-board6",
      "board": 6
    }
  },
  {
    "model": "tasks.column",
    "pk": 7,
    "fields": {
      "created_at": "2023-10-27T06:11:10.904Z",
      "updated_at": "2023-10-27T06:15:19.891Z",
      "owner_id": 1,
      "title": "column7-board4",
      "board": 4
    }
  },
  {
    "model": "tasks.column",
    "pk": 8,
    "fields": {
      "created_at": "2023-10-27T06:11:31.148Z",
      "updated_at": "2023-10-27T06:16:16.501Z",
      "owner_id": 1,
      "title": "column8-board4",
      "board": 4
    }
  },
  {
    "model": "tasks.column",
    "pk": 9,
    "fields": {
      "created_at": "2023-10-27T06:11:51.851Z",
      "updated_at": "2023-10-27T06:16:25.288Z",
      "owner_id": 2,
      "title": "column9-board4",
      "board": 4
    }
  },
  {
    "model": "tasks.column",
    "pk": 10,
    "fields": {
      "created_at": "2023-10-27T06:12:01.398Z",
      "updated_at": "2023-10-27T06:16:33.643Z",
      "owner_id": 4,
      "title": "column10-board4",
      "board": 4
    }
  },
  {
    "model": "tasks.column",
    "pk": 11,
    "fields": {
      "created_at": "2023-10-27T06:12:12.362Z",
      "updated_at": "2023-10-27T06:16:42.149Z",
      "owner_id": 5,
      "title": "column11-board1",
      "board": 1
    }
  },
  {
    "model": "tasks.column",
    "pk": 12,
    "fields": {
      "created_at": "2023-10-27T06:12:20.845Z",
      "updated_at": "2023-10-27T06:15:11.876Z",
      "owner_id": 1,
      "title": "column12-board1",
      "board": 1
    }
  },
  {
    "model": "tasks.column",
    "pk": 13,
    "fields": {
      "created_at": "2023-10-27T06:12:29.763Z",
      "updated_at": "2023-10-27T06:16:57.297Z",
      "owner_id": 4,
      "title": "column13-board1",
      "board": 1
    }
  },
  {
    "model": "tasks.tag",
    "pk": 1,
    "fields": {
      "created_at": "2023-10-26T15:35:01.983Z",
      "updated_at": "2023-10-27T06:12:48.019Z",
      "owner_id": 3,
      "title": "title2"
    }
  },
  {
    "model": "tasks.tag",
    "pk": 2,
    "fields": {
      "created_at": "2023-10-26T15:35:01.987Z",
      "updated_at": "2023-10-27T06:12:40.600Z",
      "owner_id": 1,
      "title": "title1"
    }
  },
  {
    "model": "tasks.tag",
    "pk": 3,
    "fields": {
      "created_at": "2023-10-27T06:12:53.831Z",
      "updated_at": "2023-10-27T06:12:53.831Z",
      "owner_id": 2,
      "title": "title3"
    }
  },
  {
    "model": "tasks.tag",
    "pk": 4,
    "fields": {
      "created_at": "2023-10-27T06:12:59.460Z",
      "updated_at": "2023-10-27T06:12:59.460Z",
      "owner_id": 3,
      "title": "title4"
    }
  },
  {
    "model": "tasks.tag",
    "pk": 5,
    "fields": {
      "created_at": "2023-10-27T06:13:08.302Z",
      "updated_at": "2023-10-27T06:13:08.302Z",
      "owner_id": 4,
      "title": "title5"
    }
  },
  {
    "model": "tasks.task",
    "pk": 1,
    "fields": {
      "created_at": "2023-10-26T15:35:01.978Z",
      "updated_at": "2023-10-27T06:13:40.743Z",
      "owner_id": null,
      "title": "task1",
      "executor_id": null,
      "column": 1,
      "tags": [
        1,
        2
      ]
    }
  },
  {
    "model": "tasks.task",
    "pk": 2,
    "fields": {
      "created_at": "2023-10-26T15:35:06.692Z",
      "updated_at": "2023-10-27T06:13:52.533Z",
      "owner_id": null,
      "title": "task2",
      "executor_id": null,
      "column": 1,
      "tags": [
        1,
        2,
        3,
        4,
        5
      ]
    }
  },
  {
    "model": "tasks.task",
    "pk": 3,
    "fields": {
      "created_at": "2023-10-26T15:35:07.716Z",
      "updated_at": "2023-10-27T06:14:01.677Z",
      "owner_id": null,
      "title": "task3",
      "executor_id": null,
      "column": 1,
      "tags": [
        2,
        3,
        5
      ]
    }
  },
  {
    "model": "tasks.task",
    "pk": 4,
    "fields": {
      "created_at": "2023-10-26T15:37:09.631Z",
      "updated_at": "2023-10-27T06:14:11.564Z",
      "owner_id": null,
      "title": "task4",
      "executor_id": null,
      "column": 1,
      "tags": [
        1,
        3,
        4
      ]
    }
  },
  {
    "model": "tasks.task",
    "pk": 5,
    "fields": {
      "created_at": "2023-10-26T15:37:10.720Z",
      "updated_at": "2023-10-27T06:14:20.589Z",
      "owner_id": null,
      "title": "task5",
      "executor_id": null,
      "column": 1,
      "tags": [
        3,
        4,
        5
      ]
    }
  },
  {
    "model": "tasks.task",
    "pk": 6,
    "fields": {
      "created_at": "2023-10-26T15:37:17.997Z",
      "updated_at": "2023-10-27T06:14:27.847Z",
      "owner_id": null,
      "title": "task6",
      "executor_id": null,
      "column": 1,
      "tags": [
        1,
        3,
        4
      ]
    }
  },
  {
    "model": "tasks.task",
    "pk": 7,
    "fields": {
      "created_at": "2023-10-26T15:38:00.588Z",
      "updated_at": "2023-10-27T06:13:45.857Z",
      "owner_id": null,
      "title": "task7",
      "executor_id": null,
      "column": 1,
      "tags": [
        2,
        5
      ]
    }
  }
]